broad_group,cagr_pct,total_annualized_value,log10_value
Gallium/Germanium,18.117320973785155,3054695208.0,9.484967883617099
Graphite,11.888442791263888,978493592.0,8.99055798587736
Polysilicon,20.25808186479574,547920720.0,8.738717723890668
Rare Earths,8.965529176102095,3363528708.0,9.526795138774515
