group,bloc,volatility_mean,volatility_se,elasticity_corr_mean,elasticity_corr_se
Graphite,Adversary,0.18876327119329264,0.052696038868372264,-0.40804592625218017,0.3548738027546691
Graphite,Intermediary,0.35917554781058014,0.03298585973921794,-0.12695556303231514,0.07627493717411282
Rare Earths,Adversary,0.3146264314044604,0.0904232734789115,-0.23036849823696745,0.1236330266920258
Rare Earths,Intermediary,0.9012598530152046,0.44813644032705907,-0.3802022209632945,0.13380017586328358
Gallium/Germanium,Adversary,0.33919096375051055,0.11646993993878647,-0.3129737711972555,0.22125971893169832
Gallium/Germanium,Intermediary,1.4851867715447584,0.5005712192617836,-0.4102977175180615,0.14306713781873792
Polysilicon,Adversary,0.8666993376349139,,-0.8718565191511145,
Polysilicon,Intermediary,20.348058339444712,,-0.7664501192871143,
